Aamir 2,Variant
Abbe,Variant
Abegail,Variant
Abiah,Variant
Abigaëlle,Variant
Abigayle,Variant
Adalberto,Variant
Adalindis,Variant
Adaline,Variant
Adalyn,Variant
Adalynn,Variant
Adde,Variant
Addilyn,Variant
Adella,Variant
Adelle,Variant
Adelyn,Variant
Adelynn,Variant
Aden,Variant
Adjoa,Variant
Áedh,Variant
Ælfthryth,Variant
Aerona,Variant
Æðelberht,Variant
Æthelflæd,Variant
Æþelræd,Variant
Æthelred,Variant
Æthelric,Variant
Æthelstan,Variant
Æthelthryth,Variant
Æthelwine,Variant
Afia,Variant
Agus,Variant
Ahmed,Variant
Aida,Variant
Aiden,Variant
Aileen,Variant
Ailen,Variant
Aimee,Variant
Aina 1,Variant
Ainara,Variant
Ainslee,Variant
Ainslie,Variant
Aintzane,Variant
Aira,Variant
Aislin,Variant
Aislinn,Variant
Akhenaten,Variant
Aksel,Variant
Aksinya,Variant
Akulina,Variant
Alaina,Variant
Alaiya,Variant
Alannah,Variant
Alannis,Variant
Alard,Variant
Alaya,Variant
Alayna,Variant
Alberic,Variant
Aldéric,Variant
Aldreda,Variant
Alea,Variant
Aleah,Variant
Alecia,Variant
Aleesha,Variant
Alene,Variant
Alesha,Variant
Aletha,Variant
Alexandrea,Variant
Alexus,Variant
Alfwin,Variant
Aliah,Variant
Alise 2,Variant
Alisha,Variant
Alishia,Variant
Alisia,Variant
Alissa,Variant
Alisya,Variant
Alivia,Variant
Allan,Variant
Allana,Variant
Allannah,Variant
Alle,Variant
Allen,Variant
Allissa,Variant
Allycia,Variant
Allyson,Variant
Almira 1,Variant
Alonzo,Variant
Alora,Variant
Alpaslan,Variant
Alphonso,Variant
Alv,Variant
Alva 2,Variant
Alve,Variant
Alyce,Variant
Alycia,Variant
Alys,Variant
Alysa,Variant
Alyse,Variant
Alysha,Variant
Alysia,Variant
Alyson,Variant
Alyssa,Variant
Alyssia,Variant
Amalaric,Variant
Amalasuintha,Variant
Amalberga,Variant
Amare,Variant
Amaya,Variant
Amelia,Variant
Amen,Variant
Amenemhet,Variant
Amery,Variant
Ami 2,Variant
Amias,Variant
Amie,Variant
Amilia,Variant
Amiran,Variant
Amoura,Variant
Amun,Variant
Amunet,Variant
Anabella,Variant
Anabelle,Variant
Ananda,Variant
Anar 2,Variant
Anastacia,Variant
Anastacio,Variant
Anatu,Variant
Anayeli,Variant
Andon,Variant
Andor 2,Variant
Ane 2,Variant
Anelie,Variant
Angilbert,Variant
Angiola,Variant
Angiolo,Variant
Aniya,Variant
Anjelica,Variant
Annabel,Variant
Annabelle,Variant
Annbjørg,Variant
Anneka,Variant
Annelies,Variant
Annica,Variant
Annice,Variant
Annunciata,Variant
Ansley,Variant
Antony,Variant
Antwan,Variant
Anže,Variant
Anžej,Variant
Aoibhe,Variant
Aoibhinn,Variant
Apostolis,Variant
Aracelis,Variant
Aracely,Variant
Aranrhod,Variant
Arcelia,Variant
Ardith,Variant
Ariah,Variant
Arianne,Variant
Aric,Variant
Arienne,Variant
Arin,Variant
Ariyah,Variant
Arja,Variant
Arleen,Variant
Arlene,Variant
Arman 2,Variant
Arnórr,Variant
Arron,Variant
Arve,Variant
Aryan,Variant
Aryana,Variant
Ashlynn,Variant
Ashtyn,Variant
Asih,Variant
Aspyn,Variant
Astri,Variant
Atem,Variant
Aten,Variant
Athene,Variant
Atse,Variant
Aubrie,Variant
Audovacar,Variant
Audra 2,Variant
Audrea,Variant
Austen,Variant
Auston,Variant
Ava 1,Variant
Avah,Variant
Avaline,Variant
Averie,Variant
Aviâja,Variant
Avianna,Variant
Avice,Variant
Axl,Variant
Aydan 2,Variant
Ayden,Variant
Aylen,Variant
Azahara,Variant
Azrael,Variant
Baard,Variant
Baila,Variant
Bailee,Variant
Balqis,Variant
Baltazar,Variant
Balthazar,Variant
Barbra,Variant
Barend,Variant
Barrie,Variant
Bashemath,Variant
Basmath,Variant
Baylee,Variant
Bayley,Variant
Beavis,Variant
Bébhionn,Variant
Beetlejuice,Variant
Bendt,Variant
Benthe,Variant
Bèr,Variant
Berard,Variant
Berend,Variant
Bergliot,Variant
Berit,Variant
Berith,Variant
Berniece,Variant
Berny,Variant
Berry 1,Variant
Bethanie,Variant
Bethney,Variant
Bettye,Variant
Beverley,Variant
Biaggio,Variant
Bipin,Variant
Bishan,Variant
Blaire,Variant
Blanch,Variant
Bláthíne,Variant
Bobbie,Variant
Bonaventure,Variant
Børge,Variant
Börje,Variant
Bosede,Variant
Boubacar,Variant
Boudica,Variant
Braeden,Variant
Braelynn,Variant
Braiden,Variant
Braidy,Variant
Brande,Variant
Brandee,Variant
Branden,Variant
Brandi,Variant
Brandie,Variant
Brayden,Variant
Braylen,Variant
Breana,Variant
Breanna,Variant
Brenden,Variant
Brendon,Variant
Bret,Variant
Brianna,Variant
Bridgette,Variant
Brion,Variant
Briony,Variant
Britney,Variant
Brittani,Variant
Brittania,Variant
Brittney,Variant
Brittny,Variant
Brodie,Variant
Bronwyn,Variant
Brooke,Variant
Brooklynn,Variant
Brunhilda,Variant
Brunhilde,Variant
Bryan,Variant
Bryana,Variant
Bryanna,Variant
Bryce,Variant
Brycen,Variant
Brylee,Variant
Brynlee,Variant
Brynne,Variant
Bryon,Variant
Burchard,Variant
Burkhart,Variant
Caelie,Variant
Caetlin,Variant
Cahya,Variant
Cai 1,Variant
Caiden,Variant
Caileigh,Variant
Cailin,Variant
Cailyn,Variant
Cainan,Variant
Caitlyn,Variant
Caj,Variant
Caja,Variant
Cajsa,Variant
Caleigh,Variant
Cali 1,Variant
Calixtus,Variant
Calleigh,Variant
Callista,Variant
Callixtus,Variant
Callum,Variant
Camron,Variant
Candi,Variant
Candice,Variant
Candis,Variant
Candyce,Variant
Caoileann,Variant
Caoilinn,Variant
Caradoc,Variant
Careen,Variant
Caren,Variant
Cari,Variant
Carin,Variant
Carina 2,Variant
Caris,Variant
Carissa,Variant
Carleton,Variant
Carlton,Variant
Carlyle,Variant
Carmina,Variant
Carolyn,Variant
Carrol,Variant
Carsten,Variant
Cary,Variant
Caryl,Variant
Caryn,Variant
Cassiopea,Variant
Cataleya,Variant
Cate,Variant
Cathair,Variant
Catharine,Variant
Catherin,Variant
Catherina,Variant
Cathleen,Variant
Cathryn,Variant
Cayden,Variant
Cayla,Variant
Cayley,Variant
Cayson,Variant
Ceallagh,Variant
Ceara,Variant
Cearra,Variant
Cecelia,Variant
Cees,Variant
Celine,Variant
Cerridwen,Variant
Cerridwyn,Variant
Cerys,Variant
Chace,Variant
Chanelle,Variant
Chantel,Variant
Chantelle,Variant
Charleen,Variant
Chasity,Variant
Chelsey,Variant
Chelsie,Variant
Chenaniah,Variant
Cheri,Variant
Cherice,Variant
Cherise,Variant
Cherryl,Variant
Chevonne,Variant
Cheyanne,Variant
Chidiebele,Variant
Chidinma,Variant
Chikelu,Variant
Chile,Variant
Chin,Variant
Chinyelu,Variant
Christabelle,Variant
Christal,Variant
Christen 1,Variant
Christen 2,Variant
Christin,Variant
Christobel,Variant
Chrystal,Variant
Chrystelle,Variant
Chyna,Variant
Ciara 2,Variant
Cibor,Variant
Ciera,Variant
Cierra,Variant
Cillín,Variant
Cissy,Variant
Citlali,Variant
Claud,Variant
Cletis,Variant
Clíona,Variant
Clisthenes,Variant
Clothilde,Variant
Cnut,Variant
Coleen,Variant
Colene,Variant
Collin,Variant
Collyn,Variant
Colm,Variant
Colten,Variant
Comgal,Variant
Conlaoch,Variant
Conner,Variant
Connor,Variant
Consuela,Variant
Corbinian,Variant
Coreen,Variant
Corie,Variant
Corrina,Variant
Corrine,Variant
Cortney,Variant
Cory,Variant
Corynn,Variant
Coty,Variant
Courteney,Variant
Cristen,Variant
Cú Chulainn,Variant
Cybill,Variant
Cydney,Variant
Cymone,Variant
Cyneburga,Variant
Cynefrith,Variant
Dagan,Variant
Dagney,Variant
Daireann,Variant
Daithí,Variant
Damion,Variant
D'Andre,Variant
D'Angelo,Variant
Danika,Variant
D'Arcy,Variant
Darell,Variant
Daren,Variant
Darien,Variant
Darin,Variant
Darion,Variant
Darla,Variant
Darleen,Variant
Darrel,Variant
Darrin,Variant
Darryl,Variant
Daryl,Variant
Dashawn,Variant
Davena,Variant
Davonte,Variant
Davorin,Variant
Dazbog,Variant
Deana,Variant
Deanne,Variant
Debra,Variant
Deeann,Variant
Deena,Variant
Deforrest,Variant
Deidra,Variant
Deidre,Variant
Deion,Variant
Deitra,Variant
Delice,Variant
Delores,Variant
Deloris,Variant
Denice,Variant
Deniece,Variant
Deodatus,Variant
Deon,Variant
Deonne,Variant
Derick,Variant
Derren,Variant
Derrick,Variant
Derryl,Variant
Deryck,Variant
Deshaun,Variant
Desirae,Variant
Destinee,Variant
Detlev,Variant
Devan,Variant
Deven,Variant
Devon,Variant
Devontae,Variant
Devonte,Variant
Devyn,Variant
Dewayne,Variant
Deziree,Variant
Diamanda,Variant
Diamantina,Variant
Diann,Variant
Dianna,Variant
Dianne,Variant
Diarmuid,Variant
Dierk,Variant
Diether,Variant
Dietlind,Variant
Dillan,Variant
Dillon,Variant
Dina 1,Variant
Diniz,Variant
Dîyar,Variant
Djehutimose,Variant
Doirend,Variant
Dollie,Variant
Domenic,Variant
Dominick,Variant
Dona,Variant
Dorean,Variant
Dorine,Variant
Dorris,Variant
Dortha,Variant
Dorthy,Variant
Douglass,Variant
Dragos,Variant
Drest,Variant
Driskoll,Variant
Dumuzid,Variant
Duško,Variant
Dwain,Variant
Dwayne,Variant
Dyan,Variant
Dylis,Variant
Dympna,Variant
Eadburga,Variant
Éamon,Variant
Eamon,Variant
Earle,Variant
Earnest,Variant
Earnestine,Variant
Ebele,Variant
Eboni,Variant
Eckart,Variant
Eckehard,Variant
Eckhard,Variant
Eckhart,Variant
Edsel,Variant
Edweena,Variant
Edwena,Variant
Edwyn,Variant
Edwyna,Variant
Edythe,Variant
Efraim,Variant
Efua,Variant
Éibhir,Variant
Eiluned,Variant
Eimear,Variant
Eivind,Variant
Ekkehardt,Variant
Ekua,Variant
Elaina,Variant
Elder,Variant
Eleanore,Variant
Elenora,Variant
Elfrida,Variant
Elfrieda,Variant
Elicia,Variant
Elinor,Variant
Eliphalet,Variant
Elissa 2,Variant
Elkan,Variant
Elliana,Variant
Elouise,Variant
Elov,Variant
Elsabeth,Variant
Elsy,Variant
Elvin,Variant
Elvina,Variant
Elwin,Variant
Elwyn,Variant
Ely,Variant
Elyzabeth,Variant
Emalee,Variant
Emelia,Variant
Emely,Variant
Emerie,Variant
Emilee,Variant
Emili 2,Variant
Emmaline,Variant
Emmalyn,Variant
Emmanuele,Variant
Emmerson,Variant
Emmet,Variant
Emmitt,Variant
Emory,Variant
Énnae,Variant
Eraldo,Variant
Erdmann,Variant
Erick,Variant
Ericka,Variant
Erja,Variant
Erle 2,Variant
Erlend,Variant
Erma,Variant
Ermengarde,Variant
Ermentrude,Variant
Erwann,Variant
Erykah,Variant
Eryn,Variant
Esben,Variant
Eshe,Variant
Esmaralda,Variant
Esme,Variant
Esmund,Variant
Espen,Variant
Estiñe,Variant
Ethne,Variant
Ethniu,Variant
Evaline,Variant
Evalyn,Variant
Evander 1,Variant
Eveline,Variant
Evelynn,Variant
Even,Variant
Everette,Variant
Everitt,Variant
Everlee,Variant
Everleigh,Variant
Evette,Variant
Evonne,Variant
Ezar,Variant
Fae,Variant
Faiga,Variant
Fairuza,Variant
Faithe,Variant
Famke,Variant
Fannie,Variant
Faramond,Variant
Farohildis,Variant
Faye,Variant
Fedelma,Variant
Fedelmid,Variant
Fedlimid,Variant
Fedor,Variant
Féichín,Variant
Feidelm,Variant
Feidhelm,Variant
Feige,Variant
Feivush,Variant
Felecia,Variant
Felisha,Variant
Feodor,Variant
Ferne,Variant
Finbarr,Variant
Finella,Variant
Finley,Variant
Finnbar,Variant
Finnén,Variant
Finnley,Variant
Finnuala,Variant
Fion,Variant
Fionnbarra,Variant
Fionnghuala,Variant
Firdausi,Variant
Fishke,Variant
Florianne,Variant
Floyd,Variant
Forest,Variant
Franklyn,Variant
Frazier,Variant
Frea,Variant
Fredric,Variant
Fredrick,Variant
Freida,Variant
Frey,Variant
Fridtjof,Variant
Frieda,Variant
Friede,Variant
Fritiof,Variant
Fulke,Variant
Fyfe,Variant
Gae,Variant
Gale 1,Variant
Galit,Variant
Garbiñe,Variant
Garey,Variant
Garibald,Variant
Garnett,Variant
Garnette,Variant
Garry,Variant
Gaye 1,Variant
Gayelord,Variant
Gayle,Variant
Geena,Variant
Geffrey,Variant
Gefion,Variant
Gena 1,Variant
Genette,Variant
Genevra,Variant
Georgeanna,Variant
Georgene,Variant
Georgianna,Variant
Gerbold,Variant
Gergina,Variant
Gerónimo,Variant
Gerrard,Variant
Gershon,Variant
Gertruida,Variant
Ghyslain,Variant
Ghyslaine,Variant
Giana,Variant
Gilleasbaig,Variant
Gisselle,Variant
Githa,Variant
Giusy,Variant
Gladwyn,Variant
Glen,Variant
Glynis,Variant
Glynn,Variant
Gobind,Variant
Goldie 2,Variant
Gorden,Variant
Gormflaith,Variant
Goronwy,Variant
Govannon,Variant
Granya,Variant
Graysen,Variant
Gretta,Variant
Grey,Variant
Greyson,Variant
Gruffud,Variant
Gruffydd,Variant
Guendolen,Variant
Guenevere,Variant
Gunder,Variant
Gunhilda,Variant
Gunnhild,Variant
Gunnvor,Variant
Günter,Variant
Gunter,Variant
Günther,Variant
Guðrøðr,Variant
Gwalchmei,Variant
Gwendoline,Variant
Gwendolyn,Variant
Gweneth,Variant
Gwenevere,Variant
Gwenith,Variant
Gwenneth,Variant
Gwenyth,Variant
Gwladys,Variant
Gwynn,Variant
Gyles,Variant
Haakon,Variant
Hadyn,Variant
Hailee,Variant
Hailey,Variant
Hailie,Variant
Haleigh,Variant
Haley,Variant
Halldor,Variant
Hallvard,Variant
Halvdan,Variant
Halvor,Variant
Hamon,Variant
Hanne 2,Variant
Harinder,Variant
Harkaitz,Variant
Harlee,Variant
Harleigh,Variant
Harmonie,Variant
Harriett,Variant
Harrietta,Variant
Harriette,Variant
Harvie,Variant
Haylee,Variant
Hayleigh,Variant
Haylie,Variant
Haze,Variant
Headley,Variant
Helder,Variant
Hellen,Variant
Helmuth,Variant
Hendricus,Variant
Hendrikus,Variant
Henriett,Variant
Hepzibah,Variant
Heracleitus,Variant
Herschel,Variant
Herta,Variant
Hervey,Variant
Hewie,Variant
Hilbert,Variant
Hildegunde,Variant
Hildigardis,Variant
Hillary,Variant
Hiltraud,Variant
Hiltrude,Variant
Hirune,Variant
Hollie,Variant
Honor,Variant
Honora,Variant
Horatio,Variant
Horia,Variant
Hrodperht,Variant
Hrothgar,Variant
Hrothulf,Variant
Huey,Variant
Hulda 2,Variant
Humphry,Variant
Hường,Variant
Hylda,Variant
Hyram,Variant
Hyrum,Variant
Iantha,Variant
Iarfhlaith,Variant
Iarlaith,Variant
Idoya,Variant
Iesha,Variant
Ilean,Variant
Ileen,Variant
Ilene,Variant
Ilmi,Variant
Ilsa,Variant
Ima,Variant
Imogene,Variant
Imram,Variant
Inderjit,Variant
Indy 2,Variant
Ingegärd,Variant
Ingmar,Variant
Ingvildr,Variant
Ireneus,Variant
Irmtraut,Variant
Irmtrud,Variant
Isador,Variant
Isadora,Variant
Isadore,Variant
Isbel,Variant
Isebella,Variant
Iseut,Variant
Isiah,Variant
Isla,Variant
Issac,Variant
Itsasne,Variant
Ittai,Variant
Izabelle,Variant
Izaiah,Variant
Jacinda,Variant
Jackalyn,Variant
Jackin,Variant
Jacklyn,Variant
Jacquelyn,Variant
Jadyn,Variant
Jae 2,Variant
Jahel,Variant
Jai 2,Variant
Jaida,Variant
Jaiden,Variant
Jaime 2,Variant
Jaimie,Variant
Jamaar,Variant
Jamey,Variant
Jami 1,Variant
Jamir,Variant
Janaína,Variant
Janel,Variant
Janele,Variant
Janella,Variant
Janene,Variant
Janeth,Variant
Janette,Variant
Janine,Variant
Janis,Variant
Janiya,Variant
Jannah,Variant
Jannette,Variant
Jannine,Variant
Jaqueline,Variant
Jaquelyn,Variant
Jaren,Variant
Jarle,Variant
Jarod,Variant
Jarred,Variant
Jarrod,Variant
Jase,Variant
Jaslyn,Variant
Jasmyn,Variant
Jaxon,Variant
Jaxson,Variant
Jaxtyn,Variant
Jaxx,Variant
Jaxxon,Variant
Jayce,Variant
Jaycee,Variant
Jayceon,Variant
Jaycob,Variant
Jayda,Variant
Jayde,Variant
Jayden,Variant
Jaydon,Variant
Jaylah,Variant
Jaylen,Variant
Jaylin,Variant
Jaylinn,Variant
Jaylon,Variant
Jaylyn,Variant
Jayma,Variant
Jayme,Variant
Jaymes,Variant
Jayna,Variant
Jayne,Variant
Jayson,Variant
Jazmin,Variant
Jazmine,Variant
Jazmyn,Variant
Jeana,Variant
Jeane,Variant
Jeanette,Variant
Jeanine,Variant
Jeanna,Variant
Jeffery,Variant
Jeffry,Variant
Jemma,Variant
Jeni,Variant
Jenifer,Variant
Jenna,Variant
Jenni,Variant
Jennie,Variant
Jenson,Variant
Jephtha,Variant
Jeptha,Variant
Jerald,Variant
Jeri,Variant
Jermaine,Variant
Jerold,Variant
Jerrard,Variant
Jerred,Variant
Jerri,Variant
Jerrie,Variant
Jerrod,Variant
Jerrold,Variant
Jesenia,Variant
Jessamyn,Variant
Jessenia,Variant
Jessi,Variant
Jessie 2,Variant
Jessy,Variant
Jessye,Variant
Jewell,Variant
Jhon,Variant
Jillian,Variant
Jimena,Variant
Jimeno,Variant
Jimi,Variant
Jitender,Variant
Joann,Variant
Joanne,Variant
Jocelin,Variant
Jodoc,Variant
Joele,Variant
Johnathan,Variant
Johnathon,Variant
Joi,Variant
Joisse,Variant
Joleen,Variant
Joline,Variant
Jonathon,Variant
Jöran,Variant
Jordin,Variant
Jordon,Variant
Jorja,Variant
Jorun,Variant
Josceline,Variant
Joselyn,Variant
Joslyn,Variant
Josslyn,Variant
Journee,Variant
Joye,Variant
Juanne,Variant
Jude 1,Variant
Jyotsana,Variant
Kaan,Variant
Kacey,Variant
Kacie,Variant
Kade,Variant
Kaden,Variant
Kadence,Variant
Kae,Variant
Kaeden,Variant
Kaelea,Variant
Kaelee,Variant
Kaelyn,Variant
Kaiden,Variant
Kaila,Variant
Kailee,Variant
Kailey,Variant
Kailyn,Variant
Kairo,Variant
Kaison,Variant
Kaitlin,Variant
Kaitlyn,Variant
Kaitlynn,Variant
Kaja 2,Variant
Kaleigh,Variant
Kalevi,Variant
Kaley,Variant
Kali 2,Variant
Kalie,Variant
Kalla,Variant
Kallie,Variant
Kalyana,Variant
Kalyn,Variant
Kalysta,Variant
Kamden,Variant
Kameron,Variant
Kandace,Variant
Kandi,Variant
Kara 1,Variant
Karaugh,Variant
Karenza,Variant
Karissa,Variant
Karita,Variant
Karlee,Variant
Karlene,Variant
Karly,Variant
Karolyn,Variant
Karrie,Variant
Karson,Variant
Karsyn,Variant
Karter,Variant
Karyn,Variant
Kasen,Variant
Kasey,Variant
Kash,Variant
Kason,Variant
Kassia,Variant
Kassidy,Variant
Katelin,Variant
Katelyn,Variant
Katelynn,Variant
Katharyn,Variant
Katheryn,Variant
Katheryne,Variant
Katlyn,Variant
Katriona,Variant
K'awiil,Variant
Kay 3,Variant
Kayden,Variant
Kaydence,Variant
Kaye,Variant
Kaylani,Variant
Kayleah,Variant
Kayleigh,Variant
Kaylen,Variant
Kayley,Variant
Kaylie,Variant
Kaylin,Variant
Kayly,Variant
Kaylynn,Variant
Kayson,Variant
Keanna,Variant
Keara,Variant
Keeleigh,Variant
Keeley,Variant
Kegan,Variant
Kehlani,Variant
Keila,Variant
Keira,Variant
Keiran,Variant
Kelan,Variant
Kelcey,Variant
Kellan,Variant
Kelleigh,Variant
Kelley,Variant
Kelli,Variant
Kellie,Variant
Kelsi,Variant
Kelsie,Variant
Kenith,Variant
Kennedi,Variant
Kennith,Variant
Kenojuak,Variant
Kenrick,Variant
Kerena,Variant
Kerenza,Variant
Kersti,Variant
Kevan,Variant
Keysha,Variant
Kezia,Variant
Khloe,Variant
Kian 2,Variant
Kiana 2,Variant
Kianna,Variant
Kiara,Variant
Kiarra,Variant
Kierra,Variant
Kiersten,Variant
Kiley,Variant
Kilie,Variant
Kimberlee,Variant
Kimberleigh,Variant
Kimberley,Variant
Kinich,Variant
Kinslee,Variant
Kira 2,Variant
Kisha,Variant
Kjell,Variant
Kjetil,Variant
Knute,Variant
Kobina,Variant
Koby,Variant
Kodey,Variant
Kody,Variant
Kojo,Variant
Kolby,Variant
Kole,Variant
Kolleen,Variant
Kolman,Variant
Kolton,Variant
Konnor,Variant
Korbin,Variant
Korey,Variant
Korrine,Variant
Kortney,Variant
Kory,Variant
Kourtney,Variant
Krastyu,Variant
Kriemhilde,Variant
Krimhilde,Variant
Kristal,Variant
Kristeen,Variant
Kristen 2,Variant
Kristopher,Variant
Krystal,Variant
Krystelle,Variant
Krysten,Variant
Krystina,Variant
Krystine,Variant
Krystle,Variant
Kurtis,Variant
Kweku,Variant
Kwesi,Variant
Kylee,Variant
Kyleigh,Variant
Kym,Variant
Kyra,Variant
Kyran,Variant
Kyree,Variant
Kyro,Variant
Kyrsten,Variant
Lacey,Variant
Laci 2,Variant
Lacie,Variant
Laila 1,Variant
Lainey,Variant
Landen,Variant
Landyn,Variant
Laquisha,Variant
Lara 2,Variant
Laraine,Variant
Larissa,Variant
Laryn,Variant
Latisha,Variant
Lauchlan,Variant
Lauraine,Variant
Laurelle,Variant
Laurinda,Variant
Lauryn,Variant
Lavena,Variant
Lavern,Variant
Lavina,Variant
Lavone,Variant
Lawali,Variant
Lawrence,Variant
Layne,Variant
Léana,Variant
Leesa,Variant
Leighton,Variant
Leila,Variant
Leilah,Variant
Lela 2,Variant
Lenard,Variant
Leone 2,Variant
Léonel,Variant
Leontyne,Variant
Leroi,Variant
Lesleigh,Variant
Lesley,Variant
Lesly,Variant
Leudoberct,Variant
Leyla,Variant
Líadain,Variant
Lianne,Variant
Libbie,Variant
Lidmila,Variant
Lieselotte,Variant
Lihuén,Variant
Lila 2,Variant
Lilah,Variant
Lilianna,Variant
Lilianne,Variant
Lilliana,Variant
Lillias,Variant
Lillie,Variant
Lindsey,Variant
Lindsie,Variant
Linet,Variant
Linette,Variant
Linnea,Variant
Linnette,Variant
Linsay,Variant
Linsey,Variant
Linzi,Variant
Lionesse,Variant
Lionors,Variant
Liva,Variant
Live,Variant
Livnat,Variant
Llew,Variant
Llewela,Variant
Llewellyn,Variant
Llewelyn,Variant
Llywellyn,Variant
Loan 1,Variant
Loann,Variant
Lochlann,Variant
Lohan,Variant
Lomán,Variant
Londyn,Variant
Lora,Variant
Loraine,Variant
Lorainne,Variant
Lorayne,Variant
Lorea,Variant
Loreen,Variant
Lorelai,Variant
Lorelle,Variant
Loreta,Variant
Lorette,Variant
Lorie,Variant
Lorin,Variant
Lorine,Variant
Lorn,Variant
Lorri,Variant
Lorrie,Variant
Lorrin,Variant
Louhi,Variant
Lovis,Variant
Lowe,Variant
Loyd,Variant
Luanne,Variant
Lucile,Variant
Luella,Variant
Lugos,Variant
Luitger,Variant
Lutgard,Variant
Luvinia,Variant
Lya,Variant
Lyana,Variant
Lygia,Variant
Lyla,Variant
Lylah,Variant
Lylou,Variant
Lyn,Variant
Lyna,Variant
Lynda,Variant
Lyndi,Variant
Lyndsay,Variant
Lyndsea,Variant
Lyndsey,Variant
Lynne,Variant
Lynnette,Variant
Lynsay,Variant
Lynsey,Variant
Lynton,Variant
Lynwood,Variant
Lyones,Variant
Lyov,Variant
Lysanne,Variant
Lysette,Variant
Mabelle,Variant
Mable,Variant
Mac,Variant
Macauley,Variant
Macey,Variant
Maci,Variant
Macie,Variant
Madalyn,Variant
Maddison,Variant
Madelaine,Variant
Madelyn,Variant
Madelynn,Variant
Madilyn,Variant
Madilynn,Variant
Madisyn,Variant
Madlyn,Variant
Madog,Variant
Madoline,Variant
Madyson,Variant
Mae,Variant
Maegan,Variant
Maeghan,Variant
Maeleachlainn,Variant
Máel Sechlainn,Variant
Magalie,Variant
Magaly,Variant
Magdalen,Variant
Mahala,Variant
Mahalah,Variant
Mahali 1,Variant
Mahalia,Variant
Mahinder,Variant
Maie,Variant
Mailys,Variant
Mairenn,Variant
Maisy,Variant
Makayla,Variant
Makenna,Variant
Makenzie,Variant
Malcom,Variant
Maleah,Variant
Malinda,Variant
Malthe,Variant
Manegold,Variant
Manu 3,Variant
Maralyn,Variant
Marcelyn,Variant
Maree,Variant
Margalita,Variant
Margaux,Variant
Margo,Variant
Mariah,Variant
Marian 1,Variant
Marilynn,Variant
Marissa,Variant
Marje 2,Variant
Marjory,Variant
Marla,Variant
Marlee,Variant
Marlen 2,Variant
Marly,Variant
Marlyn,Variant
Marni,Variant
Marques,Variant
Marquise,Variant
Marsha,Variant
Marshal,Variant
Märtha,Variant
Marvyn,Variant
Marylu,Variant
Marylyn,Variant
Matheus,Variant
Mathew,Variant
Mathghamhain,Variant
Mathias,Variant
Mathilda,Variant
Mathildis,Variant
Matthieu,Variant
Matts,Variant
Maude,Variant
Maunu,Variant
Maurene,Variant
Maurine,Variant
Mave,Variant
Maxene,Variant
Maximillian,Variant
Maya 2,Variant
Maybelle,Variant
Maynerd,Variant
Mayson,Variant
Mayte,Variant
Mckayla,Variant
McKenzie,Variant
Meagan,Variant
Meaghan,Variant
Meave,Variant
Meghan,Variant
Mehitabel,Variant
Meint,Variant
Melany,Variant
Mellony,Variant
Melvyn,Variant
Melyssa,Variant
Merethe,Variant
Merideth,Variant
Meridith,Variant
Meriel,Variant
Merilyn,Variant
Merit 2,Variant
Merla,Variant
Merle,Variant
Merlyn,Variant
Merrilyn,Variant
Merrion,Variant
Mervin,Variant
Meryl,Variant
Meuric,Variant
Meztli,Variant
Micajah,Variant
Michayla,Variant
Micheal,Variant
Micheas,Variant
Michele 2,Variant
Midge,Variant
Mihaila,Variant
Mikayla,Variant
Mikhaila,Variant
Miko,Variant
Milen,Variant
Mirèlha,Variant
Mireya,Variant
Mirte,Variant
Mirthe,Variant
Mis'id,Variant
Misti,Variant
Modred,Variant
Mohinder,Variant
Mollie,Variant
Monna,Variant
Monserrat,Variant
Monty,Variant
Mora,Variant
Morgaine,Variant
Mórríghan,Variant
Morwen,Variant
Moyna,Variant
Moyra,Variant
Muireann,Variant
Mya,Variant
Myles 1,Variant
Myranda,Variant
Mysie,Variant
Nace,Variant
Nadia 1,Variant
Nahuel,Variant
Nanook,Variant
Nanuk,Variant
Narinder,Variant
Natalee,Variant
Nataniel,Variant
Natasja,Variant
Nathaniel,Variant
Natille,Variant
Natisha,Variant
Naya,Variant
Neal,Variant
Neassa,Variant
Nediljko,Variant
Nedjeljka,Variant
Nedjeljko,Variant
Nehuén,Variant
Neirin,Variant
Nelle,Variant
Nena,Variant
Nevenka,Variant
Nevil,Variant
Nichol,Variant
Nichole,Variant
Nicklas,Variant
Nickolas,Variant
Nickolaus,Variant
Niclas,Variant
Nidia,Variant
Nieve,Variant
Nikeisha,Variant
Niketa,Variant
Nikisha,Variant
Nikkole,Variant
Nikolas,Variant
Ninsumun,Variant
Nit,Variant
Nontle,Variant
Norah 1,Variant
Norene,Variant
Nylah,Variant
Nzinga,Variant
Oaklyn,Variant
Oaklynn,Variant
Oberon,Variant
Odalys,Variant
Odilie,Variant
Odo,Variant
Odovacar,Variant
Øivind,Variant
Olav,Variant
Oluwafemi,Variant
Oluwafunmilayo,Variant
Oluwasegun,Variant
Olwin,Variant
Olwyn,Variant
Olyvia,Variant
Órfhlaith,Variant
Ormonde,Variant
Orval,Variant
Osberht,Variant
Oshea,Variant
Ossian,Variant
Oswaldo,Variant
Othmar,Variant
Ottmar,Variant
Ottomar,Variant
Owe,Variant
Ozzy,Variant
Paislee,Variant
Paityn,Variant
Pamella,Variant
Pamila,Variant
Paschal,Variant
Patrice 2,Variant
Patsy,Variant
Patti,Variant
Pattie,Variant
Pauleen,Variant
Paulene,Variant
Payton,Variant
Pearce,Variant
Pearle,Variant
Peer,Variant
Peers,Variant
Peggie,Variant
Pendo,Variant
Perele,Variant
Pernel,Variant
Pharamond,Variant
Phebe,Variant
Pheobe,Variant
Philbert,Variant
Philis,Variant
Phillida,Variant
Phillip,Variant
Phillis,Variant
Phineas,Variant
Phyliss,Variant
Pietronella,Variant
Pirouz,Variant
Pitseolak,Variant
Pitsiulaaq,Variant
Pollie,Variant
Portia,Variant
Posie,Variant
Proserpine,Variant
Pryce,Variant
Quiana,Variant
Quianna,Variant
Quin,Variant
Quincey,Variant
Quintilianus,Variant
Quintilius,Variant
Quintin,Variant
Quintius,Variant
Quinton,Variant
Rabab,Variant
Raban,Variant
Rachael,Variant
Racheal,Variant
Rachelle,Variant
Rachyl,Variant
Racquel,Variant
Radhika,Variant
Raegan,Variant
Rafe,Variant
Rain 2,Variant
Rainard,Variant
Rainulf,Variant
Rajinder,Variant
Raju,Variant
Ralf,Variant
Raman 1,Variant
Rambert,Variant
Ramesses,Variant
Ramses,Variant
Randal,Variant
Randell,Variant
Randolph,Variant
Ranulph,Variant
Raschelle,Variant
Ratan,Variant
Ravinder,Variant
Raymund,Variant
Raynard,Variant
Reanna,Variant
Reannon,Variant
Rebeccah,Variant
Rebeckah,Variant
Redd,Variant
Reene,Variant
Regena,Variant
Reinhilde,Variant
Rembert,Variant
Rémi,Variant
Remiel,Variant
Rexana,Variant
Rexanne,Variant
Reyna,Variant
Rheanna,Variant
Rhianon,Variant
Riannon,Variant
Richelle,Variant
Ríghnach,Variant
Riika,Variant
Rinat 2,Variant
Ríonach,Variant
Ritchie,Variant
Rodger,Variant
Rodolph,Variant
Róise,Variant
Rolland,Variant
Rolo,Variant
Rolph,Variant
Romayne,Variant
Rona 1,Variant
Ronda,Variant
Ronne,Variant
Rorie,Variant
Rosabella,Variant
Rosalee,Variant
Rosaleen,Variant
Rosalva,Variant
Rosalyn,Variant
Rosalynne,Variant
Rosamond,Variant
Rosannah,Variant
Roseann,Variant
Roseanne,Variant
Roselyn,Variant
Rosemarie,Variant
Roslyn,Variant
Rothaid,Variant
Rowen,Variant
Rowina,Variant
Rowley,Variant
Roxanna,Variant
Roxanne,Variant
Royale,Variant
Róza,Variant
Rozanne,Variant
Ruairí,Variant
Rubye,Variant
Rudesind,Variant
Rui,Variant
Ruprecht,Variant
Russel,Variant
Rylee,Variant
Ryley,Variant
Rylie,Variant
Sabryna,Variant
Sacnite,Variant
Sadbh,Variant
Saibh,Variant
Saige,Variant
Sallie,Variant
Salvo,Variant
Samanta,Variant
Samed,Variant
Sandie,Variant
Sarolta,Variant
Saundra,Variant
Savanna,Variant
Scarlette,Variant
Schwanhild,Variant
Selig,Variant
Selina,Variant
Serina,Variant
Serrena,Variant
Set,Variant
Sévérine,Variant
Sevinj,Variant
Sevyn,Variant
Shae,Variant
Shahzada,Variant
Shameka,Variant
Shana 1,Variant
Shaneka,Variant
Shanelle,Variant
Shanequa,Variant
Shaniya,Variant
Shannah,Variant
Shannen,Variant
Shanon,Variant
Shantae,Variant
Shantel,Variant
Shantelle,Variant
Shaquila,Variant
Shaquille,Variant
Sharalyn,Variant
Sharise,Variant
Sharla,Variant
Sharleen,Variant
Sharlene,Variant
Sharmaine,Variant
Sharron,Variant
Sharyl,Variant
Sharyn,Variant
Shavon,Variant
Shawnda,Variant
Shaye,Variant
Shayne,Variant
Sheelagh,Variant
Sheenagh,Variant
Sheine,Variant
Shelagh,Variant
Shelia,Variant
Shelly,Variant
Shena,Variant
Shenandoah,Variant
Sheona,Variant
Sheree,Variant
Sheri,Variant
Sherie,Variant
Sherill,Variant
Sherilyn,Variant
Sherisse,Variant
Sherley,Variant
Sherri,Variant
Sherrie,Variant
Sheryl,Variant
Sheryll,Variant
Shevaun,Variant
Shevon,Variant
Shirlee,Variant
Shon,Variant
Shprintza,Variant
Shukhrat,Variant
Shulamite,Variant
Shyla,Variant
Siena,Variant
Sigalit,Variant
Simonne,Variant
Sindy,Variant
Sisel,Variant
Sissie,Variant
Siw,Variant
Šiwa,Variant
Siward,Variant
Sjeng,Variant
Skadi,Variant
Skylar,Variant
Skyler,Variant
Sloan,Variant
Soan,Variant
Socheat,Variant
Soili,Variant
Solène,Variant
Soline,Variant
Sommer,Variant
Sondra,Variant
Sonia,Variant
Sonnie,Variant
Sophy,Variant
Sotiris,Variant
Sovanna,Variant
Sridevi,Variant
Stacey,Variant
Stamatis,Variant
Starr,Variant
Stefanie,Variant
Stelios,Variant
Stephani,Variant
Stephany,Variant
Stormi,Variant
Su'en,Variant
Surinder,Variant
Suzan 1,Variant
Suzanna,Variant
Svantovit,Variant
Swanhilda,Variant
Swanhilde,Variant
Swithun,Variant
Sybella,Variant
Sybil,Variant
Sydne,Variant
Sydnee,Variant
Sydnie,Variant
Sylvana,Variant
Sylvanus,Variant
Sylvia,Variant
Sylviane,Variant
Sylvianne,Variant
Szófia,Variant
Tabatha,Variant
Tadgh,Variant
Taegan,Variant
Táhirih,Variant
Tahlia,Variant
Tahnee,Variant
Taís,Variant
Tallak,Variant
Tameka,Variant
Tamera,Variant
Tami,Variant
Tamika,Variant
Tammara,Variant
Tammi,Variant
Tammie,Variant
Tamsen,Variant
Tamsyn,Variant
Tamzen,Variant
Taneka,Variant
Tanesha,Variant
Tania,Variant
Tanit,Variant
Tanja,Variant
Tanzi,Variant
Tarah,Variant
Tarqik,Variant
Tasgall,Variant
Tatianna,Variant
Tatyanna,Variant
Tawnee,Variant
Tawnie,Variant
Tawnya,Variant
Tayler,Variant
Teagan,Variant
Teale,Variant
Tera,Variant
Terance,Variant
Terell,Variant
Terra,Variant
Terrance,Variant
Terrence,Variant
Thalita,Variant
Theudelinda,Variant
Theudemar,Variant
Thiago,Variant
Thibaud,Variant
Thibaut,Variant
Thietmar,Variant
Thilo,Variant
Þone,Variant
Thorben,Variant
Thorbjörn,Variant
Thorbjørn,Variant
Thorborg,Variant
Thore,Variant
Thorsten,Variant
Thorvald,Variant
Thyge,Variant
Thyra,Variant
Thyrza,Variant
Tian,Variant
Tianna,Variant
Tiffani,Variant
Tiffiny,Variant
Tijana,Variant
Tijmen,Variant
Tijs,Variant
Tilo,Variant
Timeus,Variant
Timoteus,Variant
Timour,Variant
Tiwonge,Variant
Tod,Variant
Tomaso,Variant
Tonia,Variant
Tonje,Variant
Torcuil,Variant
Torcull,Variant
Torger,Variant
Toril,Variant
Torild,Variant
Torill,Variant
Tracey,Variant
Trajko,Variant
Trecia,Variant
Tresha,Variant
Treyvon,Variant
Tristen,Variant
Tristin,Variant
Triston,Variant
Trystan,Variant
Tsvetko,Variant
Tudor 2,Variant
Ture,Variant
Tuula,Variant
Twyla,Variant
Tylar,Variant
Tylor,Variant
Tyreek,Variant
Tyriq,Variant
Tyrique,Variant
Tyron,Variant
Udo 1,Variant
Uffe,Variant
Uiara,Variant
Umran,Variant
Umut,Variant
Unice,Variant
Ursella,Variant
Usha,Variant
Ute,Variant
Uzi,Variant
Valarie,Variant
Valary,Variant
Valorie,Variant
Vangelis,Variant
Varda,Variant
Varlam,Variant
Vedast,Variant
Veles,Variant
Venceslaus,Variant
Venkat,Variant
Ventsislav,Variant
Vergil,Variant
Verginia,Variant
Vivianne,Variant
Vivyan,Variant
Vonda,Variant
Vydmantas,Variant
Vyvyan,Variant
Walpurga,Variant
Waltraut,Variant
Waylon,Variant
Wenceslas,Variant
Wenda,Variant
Wendi,Variant
Wenona,Variant
Wenonah,Variant
Wernher,Variant
Wibo,Variant
Wiegand,Variant
Wilburh,Variant
Wilfrid,Variant
Wilfrith,Variant
Wilmar,Variant
Winefride,Variant
Winfrith,Variant
Winnifred,Variant
Winoc,Variant
Wolfe,Variant
Woodie,Variant
Wotan,Variant
Wubbe,Variant
Wulf,Variant
Wynn,Variant
Wynne 1,Variant
Wynona,Variant
Wynonna,Variant
Wynter,Variant
Xavior,Variant
Xene,Variant
Xitlalli,Variant
Xzavier,Variant
Yahveh,Variant
Yamilé,Variant
Yamilet,Variant
Yamileth,Variant
Yara 2,Variant
Yasaman,Variant
Yasmina,Variant
Yazmin,Variant
Yemanjá,Variant
Yeruti,Variant
Yessenia,Variant
Ylenia,Variant
Yngvar,Variant
Yolonda,Variant
Yolotli,Variant
Ysbrand,Variant
Yvo,Variant
Ywain,Variant
Zachariah,Variant
Zachery,Variant
Zackary,Variant
Zackery,Variant
Zaiden,Variant
Zander,Variant
Zareen,Variant
Zavanna,Variant
Zavier,Variant
Zayne,Variant
Zebulon,Variant
Zelma,Variant
Zenia,Variant
Zephania,Variant
Zoey,Variant
Zoie,Variant
Zowie,Variant
Zuleima,Variant
Zulfaqar,Variant
